inf_all_log,temperature,relative_humidity,wind_speed
3.833906,2.832748,79.206284,2.502433
3.787648,2.818652,80.184950,2.432812
3.830420,2.780247,81.641029,2.240777
3.545656,2.796806,81.349909,2.570968
3.583802,2.791064,80.561073,2.390635
3.435723,2.788544,80.504268,2.365149
3.413492,2.815005,79.697621,2.680634
3.561319,2.806925,79.925484,2.677149
3.514013,2.780576,80.826011,2.566579
3.382545,2.777974,80.435090,2.775840
